function	status	bc_file
APP_HTTP_TLS_INFO_free	FOUND	/home/lxh/Projects/NSPA/workspace/openssl-bc/bc/apps/lib/libapps-lib-apps.bc
ASN1_d2i_bio	FOUND	/home/lxh/Projects/NSPA/workspace/openssl-bc/bc/crypto/asn1/libcrypto-lib-a_d2i_fp.bc
ASN1_d2i_fp	FOUND	/home/lxh/Projects/NSPA/workspace/openssl-bc/bc/crypto/asn1/libcrypto-lib-a_d2i_fp.bc
ASN1_item_dup	FOUND	/home/lxh/Projects/NSPA/workspace/openssl-bc/bc/crypto/asn1/libcrypto-lib-a_dup.bc
ASN1_item_ex_free	FOUND	/home/lxh/Projects/NSPA/workspace/openssl-bc/bc/crypto/asn1/libcrypto-lib-tasn_fre.bc
ASN1_item_ex_new	FOUND	/home/lxh/Projects/NSPA/workspace/openssl-bc/bc/crypto/asn1/libcrypto-lib-tasn_new.bc
ASN1_item_free	FOUND	/home/lxh/Projects/NSPA/workspace/openssl-bc/bc/crypto/asn1/libcrypto-lib-tasn_fre.bc
ASN1_item_new	FOUND	/home/lxh/Projects/NSPA/workspace/openssl-bc/bc/crypto/asn1/libcrypto-lib-tasn_new.bc
ASN1_item_new_ex	FOUND	/home/lxh/Projects/NSPA/workspace/openssl-bc/bc/crypto/asn1/libcrypto-lib-tasn_new.bc
ASYNC_WAIT_CTX_free	FOUND	/home/lxh/Projects/NSPA/workspace/openssl-bc/bc/crypto/async/libcrypto-lib-async_wait.bc
BIO_ACCEPT_free	FOUND	/home/lxh/Projects/NSPA/workspace/openssl-bc/bc/crypto/bio/libcrypto-lib-bss_acpt.bc
BIO_dup_chain	FOUND	/home/lxh/Projects/NSPA/workspace/openssl-bc/bc/crypto/bio/libcrypto-lib-bio_lib.bc
BIO_free	FOUND	/home/lxh/Projects/NSPA/workspace/openssl-bc/bc/crypto/bio/libcrypto-lib-bio_lib.bc
BIO_free_all	FOUND	/home/lxh/Projects/NSPA/workspace/openssl-bc/bc/crypto/bio/libcrypto-lib-bio_lib.bc
BIO_new	FOUND	/home/lxh/Projects/NSPA/workspace/openssl-bc/bc/crypto/bio/libcrypto-lib-bio_lib.bc
BIO_new_CMS	FOUND	/home/lxh/Projects/NSPA/workspace/openssl-bc/bc/crypto/cms/libcrypto-lib-cms_io.bc
BIO_new_NDEF	FOUND	/home/lxh/Projects/NSPA/workspace/openssl-bc/bc/crypto/asn1/libcrypto-lib-bio_ndef.bc
BIO_new_PKCS7	FOUND	/home/lxh/Projects/NSPA/workspace/openssl-bc/bc/crypto/pkcs7/libcrypto-lib-bio_pk7.bc
BIO_new_accept	FOUND	/home/lxh/Projects/NSPA/workspace/openssl-bc/bc/crypto/bio/libcrypto-lib-bss_acpt.bc
BIO_new_bio_dgram_pair	FOUND	/home/lxh/Projects/NSPA/workspace/openssl-bc/bc/crypto/bio/libcrypto-lib-bss_dgram_pair.bc
BIO_new_bio_pair	FOUND	/home/lxh/Projects/NSPA/workspace/openssl-bc/bc/crypto/bio/libcrypto-lib-bss_bio.bc
BIO_new_buffer_ssl_connect	FOUND	/home/lxh/Projects/NSPA/workspace/openssl-bc/bc/ssl/libssl-lib-bio_ssl.bc
BIO_new_connect	FOUND	/home/lxh/Projects/NSPA/workspace/openssl-bc/bc/crypto/bio/libcrypto-lib-bss_conn.bc
BIO_new_dgram	FOUND	/home/lxh/Projects/NSPA/workspace/openssl-bc/bc/crypto/bio/libcrypto-lib-bss_dgram.bc
BIO_new_dgram_sctp	NOT_FOUND	-
BIO_new_ex	FOUND	/home/lxh/Projects/NSPA/workspace/openssl-bc/bc/crypto/bio/libcrypto-lib-bio_lib.bc
BIO_new_file	FOUND	/home/lxh/Projects/NSPA/workspace/openssl-bc/bc/crypto/bio/libcrypto-lib-bss_file.bc
BIO_new_fp	FOUND	/home/lxh/Projects/NSPA/workspace/openssl-bc/bc/crypto/bio/libcrypto-lib-bss_file.bc
BIO_new_from_core_bio	FOUND	/home/lxh/Projects/NSPA/workspace/openssl-bc/bc/crypto/bio/libcrypto-lib-bss_core.bc
BIO_new_mem_buf	FOUND	/home/lxh/Projects/NSPA/workspace/openssl-bc/bc/crypto/bio/libcrypto-lib-bss_mem.bc
BIO_new_socket	FOUND	/home/lxh/Projects/NSPA/workspace/openssl-bc/bc/crypto/bio/libcrypto-lib-bss_sock.bc
BIO_new_ssl	FOUND	/home/lxh/Projects/NSPA/workspace/openssl-bc/bc/ssl/libssl-lib-bio_ssl.bc
BIO_new_ssl_connect	FOUND	/home/lxh/Projects/NSPA/workspace/openssl-bc/bc/ssl/libssl-lib-bio_ssl.bc
BUF_MEM_free	FOUND	/home/lxh/Projects/NSPA/workspace/openssl-bc/bc/crypto/buffer/libcrypto-lib-buffer.bc
CMS_AuthEnvelopedData_create	FOUND	/home/lxh/Projects/NSPA/workspace/openssl-bc/bc/crypto/cms/libcrypto-lib-cms_env.bc
CMS_AuthEnvelopedData_create_ex	FOUND	/home/lxh/Projects/NSPA/workspace/openssl-bc/bc/crypto/cms/libcrypto-lib-cms_env.bc
CMS_ContentInfo_new_ex	FOUND	/home/lxh/Projects/NSPA/workspace/openssl-bc/bc/crypto/cms/libcrypto-lib-cms_lib.bc
CMS_EnvelopedData_create	FOUND	/home/lxh/Projects/NSPA/workspace/openssl-bc/bc/crypto/cms/libcrypto-lib-cms_env.bc
CMS_EnvelopedData_create_ex	FOUND	/home/lxh/Projects/NSPA/workspace/openssl-bc/bc/crypto/cms/libcrypto-lib-cms_env.bc
CMS_data_create	FOUND	/home/lxh/Projects/NSPA/workspace/openssl-bc/bc/crypto/cms/libcrypto-lib-cms_smime.bc
CMS_data_create_ex	FOUND	/home/lxh/Projects/NSPA/workspace/openssl-bc/bc/crypto/cms/libcrypto-lib-cms_smime.bc
CMS_digest_create	FOUND	/home/lxh/Projects/NSPA/workspace/openssl-bc/bc/crypto/cms/libcrypto-lib-cms_smime.bc
CMS_digest_create_ex	FOUND	/home/lxh/Projects/NSPA/workspace/openssl-bc/bc/crypto/cms/libcrypto-lib-cms_smime.bc
CRL_from_strings	NOT_FOUND	-
CRYPTO_aligned_alloc	FOUND	/home/lxh/Projects/NSPA/workspace/openssl-bc/bc/crypto/libcrypto-lib-mem.bc
CRYPTO_aligned_alloc_array	FOUND	/home/lxh/Projects/NSPA/workspace/openssl-bc/bc/crypto/libcrypto-lib-array_alloc.bc
CRYPTO_alloc_ex_data	FOUND	/home/lxh/Projects/NSPA/workspace/openssl-bc/bc/crypto/libcrypto-lib-ex_data.bc
CRYPTO_clear_free	FOUND	/home/lxh/Projects/NSPA/workspace/openssl-bc/bc/crypto/libcrypto-lib-mem.bc
CRYPTO_clear_realloc	FOUND	/home/lxh/Projects/NSPA/workspace/openssl-bc/bc/crypto/libcrypto-lib-mem.bc
CRYPTO_clear_realloc_array	FOUND	/home/lxh/Projects/NSPA/workspace/openssl-bc/bc/crypto/libcrypto-lib-array_alloc.bc
CRYPTO_free	FOUND	/home/lxh/Projects/NSPA/workspace/openssl-bc/bc/crypto/libcrypto-lib-mem.bc
CRYPTO_free_ex_data	FOUND	/home/lxh/Projects/NSPA/workspace/openssl-bc/bc/crypto/libcrypto-lib-ex_data.bc
CRYPTO_malloc	FOUND	/home/lxh/Projects/NSPA/workspace/openssl-bc/bc/crypto/libcrypto-lib-mem.bc
CRYPTO_malloc_array	FOUND	/home/lxh/Projects/NSPA/workspace/openssl-bc/bc/crypto/libcrypto-lib-array_alloc.bc
CRYPTO_realloc	FOUND	/home/lxh/Projects/NSPA/workspace/openssl-bc/bc/crypto/libcrypto-lib-mem.bc
CRYPTO_realloc_array	FOUND	/home/lxh/Projects/NSPA/workspace/openssl-bc/bc/crypto/libcrypto-lib-array_alloc.bc
CRYPTO_secure_clear_free	FOUND	/home/lxh/Projects/NSPA/workspace/openssl-bc/bc/crypto/libcrypto-lib-mem_sec.bc
CRYPTO_secure_free	FOUND	/home/lxh/Projects/NSPA/workspace/openssl-bc/bc/crypto/libcrypto-lib-mem_sec.bc
CRYPTO_secure_malloc	FOUND	/home/lxh/Projects/NSPA/workspace/openssl-bc/bc/crypto/libcrypto-lib-mem_sec.bc
CRYPTO_secure_malloc_array	FOUND	/home/lxh/Projects/NSPA/workspace/openssl-bc/bc/crypto/libcrypto-lib-array_alloc.bc
CTLOG_free	FOUND	/home/lxh/Projects/NSPA/workspace/openssl-bc/bc/crypto/ct/libcrypto-lib-ct_log.bc
CTLOG_new	FOUND	/home/lxh/Projects/NSPA/workspace/openssl-bc/bc/crypto/ct/libcrypto-lib-ct_log.bc
CTLOG_new_ex	FOUND	/home/lxh/Projects/NSPA/workspace/openssl-bc/bc/crypto/ct/libcrypto-lib-ct_log.bc
CTLOG_new_from_base64	FOUND	/home/lxh/Projects/NSPA/workspace/openssl-bc/bc/crypto/ct/libcrypto-lib-ct_b64.bc
CTLOG_new_from_base64_ex	FOUND	/home/lxh/Projects/NSPA/workspace/openssl-bc/bc/crypto/ct/libcrypto-lib-ct_b64.bc
DH_free	FOUND	/home/lxh/Projects/NSPA/workspace/openssl-bc/bc/crypto/dh/libcrypto-lib-dh_lib.bc
DH_new	FOUND	/home/lxh/Projects/NSPA/workspace/openssl-bc/bc/crypto/dh/libcrypto-lib-dh_lib.bc
DH_new_method	FOUND	/home/lxh/Projects/NSPA/workspace/openssl-bc/bc/crypto/dh/libcrypto-lib-dh_lib.bc
DHparams_dup	FOUND	/home/lxh/Projects/NSPA/workspace/openssl-bc/bc/crypto/dh/libcrypto-lib-dh_ameth.bc
DSA_dup_DH	FOUND	/home/lxh/Projects/NSPA/workspace/openssl-bc/bc/crypto/dsa/libcrypto-lib-dsa_lib.bc
DSA_free	FOUND	/home/lxh/Projects/NSPA/workspace/openssl-bc/bc/crypto/dsa/libcrypto-lib-dsa_lib.bc
DSA_new	FOUND	/home/lxh/Projects/NSPA/workspace/openssl-bc/bc/crypto/dsa/libcrypto-lib-dsa_lib.bc
DSA_new_method	FOUND	/home/lxh/Projects/NSPA/workspace/openssl-bc/bc/crypto/dsa/libcrypto-lib-dsa_lib.bc
DSAparams_dup	FOUND	/home/lxh/Projects/NSPA/workspace/openssl-bc/bc/crypto/dsa/libcrypto-lib-dsa_asn1.bc
ECDSA_SIG_free	FOUND	/home/lxh/Projects/NSPA/workspace/openssl-bc/bc/crypto/ec/libcrypto-lib-ec_asn1.bc
ECDSA_SIG_new	FOUND	/home/lxh/Projects/NSPA/workspace/openssl-bc/bc/crypto/ec/libcrypto-lib-ec_asn1.bc
EC_KEY_dup	FOUND	/home/lxh/Projects/NSPA/workspace/openssl-bc/bc/crypto/ec/libcrypto-lib-ec_key.bc
EC_KEY_free	FOUND	/home/lxh/Projects/NSPA/workspace/openssl-bc/bc/crypto/ec/libcrypto-lib-ec_key.bc
EC_KEY_new	FOUND	/home/lxh/Projects/NSPA/workspace/openssl-bc/bc/crypto/ec/libcrypto-lib-ec_key.bc
EC_KEY_new_by_curve_name	FOUND	/home/lxh/Projects/NSPA/workspace/openssl-bc/bc/crypto/ec/libcrypto-lib-ec_key.bc
EC_KEY_new_by_curve_name_ex	FOUND	/home/lxh/Projects/NSPA/workspace/openssl-bc/bc/crypto/ec/libcrypto-lib-ec_key.bc
EC_KEY_new_ex	FOUND	/home/lxh/Projects/NSPA/workspace/openssl-bc/bc/crypto/ec/libcrypto-lib-ec_key.bc
EC_KEY_new_method	FOUND	/home/lxh/Projects/NSPA/workspace/openssl-bc/bc/crypto/ec/libcrypto-lib-ec_kmeth.bc
EVP_PKEY_CTX_dup	FOUND	/home/lxh/Projects/NSPA/workspace/openssl-bc/bc/crypto/evp/libcrypto-lib-pmeth_lib.bc
EVP_PKEY_CTX_free	FOUND	/home/lxh/Projects/NSPA/workspace/openssl-bc/bc/crypto/evp/libcrypto-lib-pmeth_lib.bc
EVP_PKEY_CTX_new	FOUND	/home/lxh/Projects/NSPA/workspace/openssl-bc/bc/crypto/evp/libcrypto-lib-pmeth_lib.bc
EVP_PKEY_CTX_new_from_name	FOUND	/home/lxh/Projects/NSPA/workspace/openssl-bc/bc/crypto/evp/libcrypto-lib-pmeth_lib.bc
EVP_PKEY_CTX_new_from_pkey	FOUND	/home/lxh/Projects/NSPA/workspace/openssl-bc/bc/crypto/evp/libcrypto-lib-pmeth_lib.bc
EVP_PKEY_CTX_new_id	FOUND	/home/lxh/Projects/NSPA/workspace/openssl-bc/bc/crypto/evp/libcrypto-lib-pmeth_lib.bc
EVP_PKEY_free	FOUND	/home/lxh/Projects/NSPA/workspace/openssl-bc/bc/crypto/evp/libcrypto-lib-p_lib.bc
EVP_PKEY_new_CMAC_key	FOUND	/home/lxh/Projects/NSPA/workspace/openssl-bc/bc/crypto/evp/libcrypto-lib-p_lib.bc
EVP_PKEY_new_mac_key	FOUND	/home/lxh/Projects/NSPA/workspace/openssl-bc/bc/crypto/evp/libcrypto-lib-pmeth_gn.bc
EVP_PKEY_new_raw_private_key	FOUND	/home/lxh/Projects/NSPA/workspace/openssl-bc/bc/crypto/evp/libcrypto-lib-p_lib.bc
EVP_PKEY_new_raw_private_key_ex	FOUND	/home/lxh/Projects/NSPA/workspace/openssl-bc/bc/crypto/evp/libcrypto-lib-p_lib.bc
EVP_PKEY_new_raw_public_key	FOUND	/home/lxh/Projects/NSPA/workspace/openssl-bc/bc/crypto/evp/libcrypto-lib-p_lib.bc
EVP_PKEY_new_raw_public_key_ex	FOUND	/home/lxh/Projects/NSPA/workspace/openssl-bc/bc/crypto/evp/libcrypto-lib-p_lib.bc
EVP_SKEY_free	FOUND	/home/lxh/Projects/NSPA/workspace/openssl-bc/bc/crypto/evp/libcrypto-lib-s_lib.bc
HANDSHAKE_RESULT_free	NOT_FOUND	-
LP_find_file	NOT_FOUND	-
LP_find_file_end	NOT_FOUND	-
MYOBJ_free	NOT_FOUND	-
OCSP_BASICRESP_delete_ext	FOUND	/home/lxh/Projects/NSPA/workspace/openssl-bc/bc/crypto/ocsp/libcrypto-lib-ocsp_ext.bc
OCSP_ONEREQ_delete_ext	FOUND	/home/lxh/Projects/NSPA/workspace/openssl-bc/bc/crypto/ocsp/libcrypto-lib-ocsp_ext.bc
OCSP_REQUEST_delete_ext	FOUND	/home/lxh/Projects/NSPA/workspace/openssl-bc/bc/crypto/ocsp/libcrypto-lib-ocsp_ext.bc
OCSP_SINGLERESP_delete_ext	FOUND	/home/lxh/Projects/NSPA/workspace/openssl-bc/bc/crypto/ocsp/libcrypto-lib-ocsp_ext.bc
OCSP_accept_responses_new	FOUND	/home/lxh/Projects/NSPA/workspace/openssl-bc/bc/crypto/ocsp/libcrypto-lib-ocsp_ext.bc
OCSP_sendreq_new	FOUND	/home/lxh/Projects/NSPA/workspace/openssl-bc/bc/crypto/ocsp/libcrypto-lib-ocsp_http.bc
OCSP_url_svcloc_new	FOUND	/home/lxh/Projects/NSPA/workspace/openssl-bc/bc/crypto/ocsp/libcrypto-lib-ocsp_ext.bc
OPENSSL_INIT_free	FOUND	/home/lxh/Projects/NSPA/workspace/openssl-bc/bc/crypto/conf/libcrypto-lib-conf_lib.bc
OPENSSL_INIT_new	FOUND	/home/lxh/Projects/NSPA/workspace/openssl-bc/bc/crypto/conf/libcrypto-lib-conf_lib.bc
OPENSSL_sk_delete	FOUND	/home/lxh/Projects/NSPA/workspace/openssl-bc/bc/crypto/stack/libcrypto-lib-stack.bc
OPENSSL_sk_delete_ptr	FOUND	/home/lxh/Projects/NSPA/workspace/openssl-bc/bc/crypto/stack/libcrypto-lib-stack.bc
OSSL_CMP_CTX_free	FOUND	/home/lxh/Projects/NSPA/workspace/openssl-bc/bc/crypto/cmp/libcrypto-lib-cmp_ctx.bc
OSSL_CMP_CTX_new	FOUND	/home/lxh/Projects/NSPA/workspace/openssl-bc/bc/crypto/cmp/libcrypto-lib-cmp_ctx.bc
OSSL_CMP_MSG_free	FOUND	/home/lxh/Projects/NSPA/workspace/openssl-bc/bc/crypto/cmp/libcrypto-lib-cmp_msg.bc
OSSL_CMP_MSG_new	FOUND	/home/lxh/Projects/NSPA/workspace/openssl-bc/bc/crypto/cmp/libcrypto-lib-cmp_msg.bc
OSSL_CMP_SRV_CTX_free	FOUND	/home/lxh/Projects/NSPA/workspace/openssl-bc/bc/crypto/cmp/libcrypto-lib-cmp_server.bc
OSSL_CMP_SRV_CTX_new	FOUND	/home/lxh/Projects/NSPA/workspace/openssl-bc/bc/crypto/cmp/libcrypto-lib-cmp_server.bc
OSSL_CRMF_ENCRYPTEDVALUE_decrypt	FOUND	/home/lxh/Projects/NSPA/workspace/openssl-bc/bc/crypto/crmf/libcrypto-lib-crmf_lib.bc
OSSL_DECODER_CTX_free	FOUND	/home/lxh/Projects/NSPA/workspace/openssl-bc/bc/crypto/encode_decode/libcrypto-lib-decoder_meth.bc
OSSL_DECODER_CTX_new_for_pkey	FOUND	/home/lxh/Projects/NSPA/workspace/openssl-bc/bc/crypto/encode_decode/libcrypto-lib-decoder_pkey.bc
OSSL_DEMO_H3_CONN_free	NOT_FOUND	-
OSSL_DEMO_H3_CONN_new_for_addr	NOT_FOUND	-
OSSL_DEMO_H3_CONN_new_for_conn	NOT_FOUND	-
OSSL_ENCODER_CTX_new_for_pkey	FOUND	/home/lxh/Projects/NSPA/workspace/openssl-bc/bc/crypto/encode_decode/libcrypto-lib-encoder_pkey.bc
OSSL_ERR_STATE_free	FOUND	/home/lxh/Projects/NSPA/workspace/openssl-bc/bc/crypto/err/libcrypto-lib-err.bc
OSSL_HPKE_CTX_free	FOUND	/home/lxh/Projects/NSPA/workspace/openssl-bc/bc/crypto/hpke/libcrypto-lib-hpke.bc
OSSL_HTTP_REQ_CTX_free	FOUND	/home/lxh/Projects/NSPA/workspace/openssl-bc/bc/crypto/http/libcrypto-lib-http_client.bc
OSSL_HTTP_exchange	FOUND	/home/lxh/Projects/NSPA/workspace/openssl-bc/bc/crypto/http/libcrypto-lib-http_client.bc
OSSL_HTTP_transfer	FOUND	/home/lxh/Projects/NSPA/workspace/openssl-bc/bc/crypto/http/libcrypto-lib-http_client.bc
OSSL_PARAM_dup	FOUND	/home/lxh/Projects/NSPA/workspace/openssl-bc/bc/crypto/libcrypto-lib-params_dup.bc
OSSL_STORE_INFO_free	FOUND	/home/lxh/Projects/NSPA/workspace/openssl-bc/bc/crypto/store/libcrypto-lib-store_lib.bc
OSSL_STORE_INFO_new	FOUND	/home/lxh/Projects/NSPA/workspace/openssl-bc/bc/crypto/store/libcrypto-lib-store_lib.bc
OSSL_STORE_INFO_new_CERT	FOUND	/home/lxh/Projects/NSPA/workspace/openssl-bc/bc/crypto/store/libcrypto-lib-store_lib.bc
OSSL_STORE_INFO_new_CRL	FOUND	/home/lxh/Projects/NSPA/workspace/openssl-bc/bc/crypto/store/libcrypto-lib-store_lib.bc
OSSL_STORE_INFO_new_NAME	FOUND	/home/lxh/Projects/NSPA/workspace/openssl-bc/bc/crypto/store/libcrypto-lib-store_lib.bc
OSSL_STORE_INFO_new_PARAMS	FOUND	/home/lxh/Projects/NSPA/workspace/openssl-bc/bc/crypto/store/libcrypto-lib-store_lib.bc
OSSL_STORE_INFO_new_PKEY	FOUND	/home/lxh/Projects/NSPA/workspace/openssl-bc/bc/crypto/store/libcrypto-lib-store_lib.bc
OSSL_STORE_INFO_new_PUBKEY	FOUND	/home/lxh/Projects/NSPA/workspace/openssl-bc/bc/crypto/store/libcrypto-lib-store_lib.bc
OSSL_STORE_INFO_new_SKEY	FOUND	/home/lxh/Projects/NSPA/workspace/openssl-bc/bc/crypto/store/libcrypto-lib-store_lib.bc
OSSL_provider_init	FOUND	/home/lxh/Projects/NSPA/workspace/openssl-bc/bc/providers/legacy-dso-legacyprov.bc
PEM_ASN1_read	FOUND	/home/lxh/Projects/NSPA/workspace/openssl-bc/bc/crypto/pem/libcrypto-lib-pem_lib.bc
PEM_read_DHparams	FOUND	/home/lxh/Projects/NSPA/workspace/openssl-bc/bc/crypto/pem/libcrypto-lib-pem_all.bc
PEM_read_PUBKEY_ex	FOUND	/home/lxh/Projects/NSPA/workspace/openssl-bc/bc/crypto/pem/libcrypto-lib-pem_pkey.bc
PEM_read_PrivateKey_ex	FOUND	/home/lxh/Projects/NSPA/workspace/openssl-bc/bc/crypto/pem/libcrypto-lib-pem_pkey.bc
PKCS7_free	FOUND	/home/lxh/Projects/NSPA/workspace/openssl-bc/bc/crypto/pkcs7/libcrypto-lib-pk7_asn1.bc
PKCS7_new	FOUND	/home/lxh/Projects/NSPA/workspace/openssl-bc/bc/crypto/pkcs7/libcrypto-lib-pk7_asn1.bc
PKCS7_new_ex	FOUND	/home/lxh/Projects/NSPA/workspace/openssl-bc/bc/crypto/pkcs7/libcrypto-lib-pk7_asn1.bc
RADIX_OBJ_free	NOT_FOUND	-
RADIX_THREAD_free	NOT_FOUND	-
RECORD_LAYER_clear	FOUND	/home/lxh/Projects/NSPA/workspace/openssl-bc/bc/ssl/record/libssl-lib-rec_layer_s3.bc
RSAPrivateKey_dup	FOUND	/home/lxh/Projects/NSPA/workspace/openssl-bc/bc/crypto/rsa/libcrypto-lib-rsa_asn1.bc
RSA_free	FOUND	/home/lxh/Projects/NSPA/workspace/openssl-bc/bc/crypto/rsa/libcrypto-lib-rsa_lib.bc
RSA_new	FOUND	/home/lxh/Projects/NSPA/workspace/openssl-bc/bc/crypto/rsa/libcrypto-lib-rsa_lib.bc
RSA_new_method	FOUND	/home/lxh/Projects/NSPA/workspace/openssl-bc/bc/crypto/rsa/libcrypto-lib-rsa_lib.bc
SCT_CTX_free	FOUND	/home/lxh/Projects/NSPA/workspace/openssl-bc/bc/crypto/ct/libcrypto-lib-ct_sct_ctx.bc
SMIME_read_ASN1	FOUND	/home/lxh/Projects/NSPA/workspace/openssl-bc/bc/crypto/asn1/libcrypto-lib-asn_mime.bc
SMIME_read_ASN1_ex	FOUND	/home/lxh/Projects/NSPA/workspace/openssl-bc/bc/crypto/asn1/libcrypto-lib-asn_mime.bc
SMIME_read_CMS_ex	FOUND	/home/lxh/Projects/NSPA/workspace/openssl-bc/bc/crypto/cms/libcrypto-lib-cms_io.bc
SMIME_read_PKCS7_ex	FOUND	/home/lxh/Projects/NSPA/workspace/openssl-bc/bc/crypto/pkcs7/libcrypto-lib-pk7_mime.bc
SRP_create_verifier	FOUND	/home/lxh/Projects/NSPA/workspace/openssl-bc/bc/crypto/srp/libcrypto-lib-srp_vfy.bc
SRP_create_verifier_BN	FOUND	/home/lxh/Projects/NSPA/workspace/openssl-bc/bc/crypto/srp/libcrypto-lib-srp_vfy.bc
SRP_create_verifier_BN_ex	FOUND	/home/lxh/Projects/NSPA/workspace/openssl-bc/bc/crypto/srp/libcrypto-lib-srp_vfy.bc
SRP_create_verifier_ex	FOUND	/home/lxh/Projects/NSPA/workspace/openssl-bc/bc/crypto/srp/libcrypto-lib-srp_vfy.bc
SSL_CTX_free	FOUND	/home/lxh/Projects/NSPA/workspace/openssl-bc/bc/ssl/libssl-lib-ssl_lib.bc
SSL_CTX_new	FOUND	/home/lxh/Projects/NSPA/workspace/openssl-bc/bc/ssl/libssl-lib-ssl_lib.bc
SSL_CTX_new_ex	FOUND	/home/lxh/Projects/NSPA/workspace/openssl-bc/bc/ssl/libssl-lib-ssl_lib.bc
SSL_SESSION_dup	FOUND	/home/lxh/Projects/NSPA/workspace/openssl-bc/bc/ssl/libssl-lib-ssl_sess.bc
SSL_SESSION_free	FOUND	/home/lxh/Projects/NSPA/workspace/openssl-bc/bc/ssl/libssl-lib-ssl_sess.bc
SSL_dup	FOUND	/home/lxh/Projects/NSPA/workspace/openssl-bc/bc/ssl/libssl-lib-ssl_lib.bc
SSL_free	FOUND	/home/lxh/Projects/NSPA/workspace/openssl-bc/bc/ssl/libssl-lib-ssl_lib.bc
SSL_new_domain	FOUND	/home/lxh/Projects/NSPA/workspace/openssl-bc/bc/ssl/libssl-lib-ssl_lib.bc
SSL_new_from_listener	FOUND	/home/lxh/Projects/NSPA/workspace/openssl-bc/bc/ssl/libssl-lib-ssl_lib.bc
SSL_new_listener	FOUND	/home/lxh/Projects/NSPA/workspace/openssl-bc/bc/ssl/libssl-lib-ssl_lib.bc
SSL_new_listener_from	FOUND	/home/lxh/Projects/NSPA/workspace/openssl-bc/bc/ssl/libssl-lib-ssl_lib.bc
TS_REQ_delete_ext	FOUND	/home/lxh/Projects/NSPA/workspace/openssl-bc/bc/crypto/ts/libcrypto-lib-ts_req_utils.bc
TS_RESP_CTX_free	FOUND	/home/lxh/Projects/NSPA/workspace/openssl-bc/bc/crypto/ts/libcrypto-lib-ts_rsp_sign.bc
TS_RESP_create_response	FOUND	/home/lxh/Projects/NSPA/workspace/openssl-bc/bc/crypto/ts/libcrypto-lib-ts_rsp_sign.bc
TS_TST_INFO_delete_ext	FOUND	/home/lxh/Projects/NSPA/workspace/openssl-bc/bc/crypto/ts/libcrypto-lib-ts_rsp_utils.bc
UI_destroy_method	FOUND	/home/lxh/Projects/NSPA/workspace/openssl-bc/bc/crypto/ui/libcrypto-lib-ui_lib.bc
UI_free	FOUND	/home/lxh/Projects/NSPA/workspace/openssl-bc/bc/crypto/ui/libcrypto-lib-ui_lib.bc
UI_new	FOUND	/home/lxh/Projects/NSPA/workspace/openssl-bc/bc/crypto/ui/libcrypto-lib-ui_lib.bc
UI_new_method	FOUND	/home/lxh/Projects/NSPA/workspace/openssl-bc/bc/crypto/ui/libcrypto-lib-ui_lib.bc
X509V3_conf_free	FOUND	/home/lxh/Projects/NSPA/workspace/openssl-bc/bc/crypto/x509/libcrypto-lib-v3_utl.bc
X509_ACERT_delete_attr	FOUND	/home/lxh/Projects/NSPA/workspace/openssl-bc/bc/crypto/x509/libcrypto-lib-x509_acert.bc
X509_ATTRIBUTE_create_by_NID	FOUND	/home/lxh/Projects/NSPA/workspace/openssl-bc/bc/crypto/x509/libcrypto-lib-x509_att.bc
X509_ATTRIBUTE_create_by_OBJ	FOUND	/home/lxh/Projects/NSPA/workspace/openssl-bc/bc/crypto/x509/libcrypto-lib-x509_att.bc
X509_ATTRIBUTE_create_by_txt	FOUND	/home/lxh/Projects/NSPA/workspace/openssl-bc/bc/crypto/x509/libcrypto-lib-x509_att.bc
X509_CRL_METHOD_new	FOUND	/home/lxh/Projects/NSPA/workspace/openssl-bc/bc/crypto/x509/libcrypto-lib-x_crl.bc
X509_CRL_delete_ext	FOUND	/home/lxh/Projects/NSPA/workspace/openssl-bc/bc/crypto/x509/libcrypto-lib-x509_ext.bc
X509_CRL_new_ex	FOUND	/home/lxh/Projects/NSPA/workspace/openssl-bc/bc/crypto/x509/libcrypto-lib-x_crl.bc
X509_EXTENSION_create_by_NID	FOUND	/home/lxh/Projects/NSPA/workspace/openssl-bc/bc/crypto/x509/libcrypto-lib-x509_v3.bc
X509_EXTENSION_create_by_OBJ	FOUND	/home/lxh/Projects/NSPA/workspace/openssl-bc/bc/crypto/x509/libcrypto-lib-x509_v3.bc
X509_INFO_free	FOUND	/home/lxh/Projects/NSPA/workspace/openssl-bc/bc/crypto/asn1/libcrypto-lib-x_info.bc
X509_NAME_ENTRY_create_by_NID	FOUND	/home/lxh/Projects/NSPA/workspace/openssl-bc/bc/crypto/x509/libcrypto-lib-x509name.bc
X509_NAME_ENTRY_create_by_OBJ	FOUND	/home/lxh/Projects/NSPA/workspace/openssl-bc/bc/crypto/x509/libcrypto-lib-x509name.bc
X509_NAME_ENTRY_create_by_txt	FOUND	/home/lxh/Projects/NSPA/workspace/openssl-bc/bc/crypto/x509/libcrypto-lib-x509name.bc
X509_NAME_delete_entry	FOUND	/home/lxh/Projects/NSPA/workspace/openssl-bc/bc/crypto/x509/libcrypto-lib-x509name.bc
X509_PKEY_free	FOUND	/home/lxh/Projects/NSPA/workspace/openssl-bc/bc/crypto/asn1/libcrypto-lib-x_pkey.bc
X509_PKEY_new	FOUND	/home/lxh/Projects/NSPA/workspace/openssl-bc/bc/crypto/asn1/libcrypto-lib-x_pkey.bc
X509_PUBKEY_dup	FOUND	/home/lxh/Projects/NSPA/workspace/openssl-bc/bc/crypto/x509/libcrypto-lib-x_pubkey.bc
X509_PUBKEY_new_ex	FOUND	/home/lxh/Projects/NSPA/workspace/openssl-bc/bc/crypto/x509/libcrypto-lib-x_pubkey.bc
X509_REQ_delete_attr	FOUND	/home/lxh/Projects/NSPA/workspace/openssl-bc/bc/crypto/x509/libcrypto-lib-x509_req.bc
X509_REQ_new_ex	FOUND	/home/lxh/Projects/NSPA/workspace/openssl-bc/bc/crypto/x509/libcrypto-lib-x_req.bc
X509_REVOKED_delete_ext	FOUND	/home/lxh/Projects/NSPA/workspace/openssl-bc/bc/crypto/x509/libcrypto-lib-x509_ext.bc
X509_STORE_free	FOUND	/home/lxh/Projects/NSPA/workspace/openssl-bc/bc/crypto/x509/libcrypto-lib-x509_lu.bc
X509_STORE_new	FOUND	/home/lxh/Projects/NSPA/workspace/openssl-bc/bc/crypto/x509/libcrypto-lib-x509_lu.bc
X509_STORE_new_1	NOT_FOUND	-
X509_delete_ext	FOUND	/home/lxh/Projects/NSPA/workspace/openssl-bc/bc/crypto/x509/libcrypto-lib-x509_ext.bc
X509_from_strings	NOT_FOUND	-
X509_new_ex	FOUND	/home/lxh/Projects/NSPA/workspace/openssl-bc/bc/crypto/x509/libcrypto-lib-x_x509.bc
X509at_add1_attr_by_txt	FOUND	/home/lxh/Projects/NSPA/workspace/openssl-bc/bc/crypto/x509/libcrypto-lib-x509_att.bc
X509at_delete_attr	FOUND	/home/lxh/Projects/NSPA/workspace/openssl-bc/bc/crypto/x509/libcrypto-lib-x509_att.bc
X509v3_delete_ext	FOUND	/home/lxh/Projects/NSPA/workspace/openssl-bc/bc/crypto/x509/libcrypto-lib-x509_v3.bc
X509v3_delete_extension	FOUND	/home/lxh/Projects/NSPA/workspace/openssl-bc/bc/crypto/x509/libcrypto-lib-x509_v3.bc
acpt_free	FOUND	/home/lxh/Projects/NSPA/workspace/openssl-bc/bc/crypto/bio/libcrypto-lib-bss_acpt.bc
alloc_kdf_algorithm_name	FOUND	/home/lxh/Projects/NSPA/workspace/openssl-bc/bc/apps/openssl-bin-kdf.bc
alloc_mac_algorithm_name	FOUND	/home/lxh/Projects/NSPA/workspace/openssl-bc/bc/apps/openssl-bin-mac.bc
alloc_new_neighborhood_list	FOUND	/home/lxh/Projects/NSPA/workspace/openssl-bc/bc/crypto/hashtable/libcrypto-lib-hashtable.bc
alloc_port_user_ssl	FOUND	/home/lxh/Projects/NSPA/workspace/openssl-bc/bc/ssl/quic/libssl-lib-quic_impl.bc
asn1_item_embed_new	FOUND	/home/lxh/Projects/NSPA/workspace/openssl-bc/bc/crypto/asn1/libcrypto-lib-tasn_new.bc
asn1_template_new	FOUND	/home/lxh/Projects/NSPA/workspace/openssl-bc/bc/crypto/asn1/libcrypto-lib-tasn_new.bc
b64_read_asn1	FOUND	/home/lxh/Projects/NSPA/workspace/openssl-bc/bc/crypto/asn1/libcrypto-lib-asn_mime.bc
bio_f_noisy_dgram_filter_free	NOT_FOUND	-
bio_f_pkt_split_dgram_filter_free	NOT_FOUND	-
bio_free_ex_data	FOUND	/home/lxh/Projects/NSPA/workspace/openssl-bc/bc/crypto/bio/libcrypto-lib-bio_lib.bc
bio_to_mem	FOUND	/home/lxh/Projects/NSPA/workspace/openssl-bc/bc/apps/lib/libapps-lib-apps.bc
bn_free	FOUND	/home/lxh/Projects/NSPA/workspace/openssl-bc/bc/crypto/asn1/libcrypto-lib-x_bignum.bc
brotli_alloc	NOT_FOUND	-
cert_response	FOUND	/home/lxh/Projects/NSPA/workspace/openssl-bc/bc/crypto/cmp/libcrypto-lib-cmp_client.bc
cfq_free_cb_	NOT_FOUND	-
cfq_get_free	FOUND	/home/lxh/Projects/NSPA/workspace/openssl-bc/bc/ssl/quic/libssl-lib-quic_cfq.bc
ch_cleanup	FOUND	/home/lxh/Projects/NSPA/workspace/openssl-bc/bc/ssl/quic/libssl-lib-quic_channel.bc
cleanup_ml_dsa_keys	NOT_FOUND	-
cleanup_mlkem_keys	NOT_FOUND	-
cleanup_one	NOT_FOUND	-
close_all_ids	NOT_FOUND	-
cms_get_text_bio	FOUND	/home/lxh/Projects/NSPA/workspace/openssl-bc/bc/crypto/cms/libcrypto-lib-cms_smime.bc
conn_free	FOUND	/home/lxh/Projects/NSPA/workspace/openssl-bc/bc/crypto/bio/libcrypto-lib-bss_conn.bc
core_bio_new_from_new_bio	FOUND	/home/lxh/Projects/NSPA/workspace/openssl-bc/bc/crypto/bio/libcrypto-lib-ossl_core_bio.bc
create_a_psk	NOT_FOUND	-
create_cert_store	FOUND	/home/lxh/Projects/NSPA/workspace/openssl-bc/bc/apps/openssl-bin-ts.bc
create_client_ctx	NOT_FOUND	-
create_context	NOT_FOUND	-
create_ctx	NOT_FOUND	-
create_key	NOT_FOUND	-
create_merged_key	NOT_FOUND	-
create_ml_dsa_raw_key	NOT_FOUND	-
create_mlkem_raw_key	NOT_FOUND	-
create_ocsp_resp	NOT_FOUND	-
create_peer	NOT_FOUND	-
create_quic_ssl_objects	NOT_FOUND	-
create_quic_ssl_objects_seed_peer	NOT_FOUND	-
create_response	FOUND	/home/lxh/Projects/NSPA/workspace/openssl-bc/bc/apps/openssl-bin-ts.bc
create_server_ctx	NOT_FOUND	-
create_socket	NOT_FOUND	-
create_socket_bio	NOT_FOUND	-
create_ssl_ctx	NOT_FOUND	-
create_ssl_ctx_pair	NOT_FOUND	-
create_ssl_objects	NOT_FOUND	-
create_ssl_objects2	NOT_FOUND	-
create_verify_ctx	FOUND	/home/lxh/Projects/NSPA/workspace/openssl-bc/bc/apps/openssl-bin-ts.bc
ctlog_new_from_conf	FOUND	/home/lxh/Projects/NSPA/workspace/openssl-bc/bc/crypto/ct/libcrypto-lib-ct_log.bc
ctx_data_free_data	NOT_FOUND	-
custom_ext_free_old_cb_wrap	FOUND	/home/lxh/Projects/NSPA/workspace/openssl-bc/bc/ssl/statem/libssl-lib-extensions_cust.bc
d2i_DHxparams	FOUND	/home/lxh/Projects/NSPA/workspace/openssl-bc/bc/crypto/dh/libcrypto-lib-dh_asn1.bc
d2i_DSA_PUBKEY	FOUND	/home/lxh/Projects/NSPA/workspace/openssl-bc/bc/crypto/x509/libcrypto-lib-x_pubkey.bc
d2i_ECDSA_SIG	FOUND	/home/lxh/Projects/NSPA/workspace/openssl-bc/bc/crypto/ec/libcrypto-lib-ec_asn1.bc
d2i_ECParameters	FOUND	/home/lxh/Projects/NSPA/workspace/openssl-bc/bc/crypto/ec/libcrypto-lib-ec_asn1.bc
d2i_ECPrivateKey	FOUND	/home/lxh/Projects/NSPA/workspace/openssl-bc/bc/crypto/ec/libcrypto-lib-ec_asn1.bc
d2i_EC_PUBKEY	FOUND	/home/lxh/Projects/NSPA/workspace/openssl-bc/bc/crypto/x509/libcrypto-lib-x_pubkey.bc
d2i_KeyParams	FOUND	/home/lxh/Projects/NSPA/workspace/openssl-bc/bc/crypto/asn1/libcrypto-lib-d2i_param.bc
d2i_KeyParams_bio	FOUND	/home/lxh/Projects/NSPA/workspace/openssl-bc/bc/crypto/asn1/libcrypto-lib-d2i_param.bc
d2i_PKCS8PrivateKey_bio	FOUND	/home/lxh/Projects/NSPA/workspace/openssl-bc/bc/crypto/pem/libcrypto-lib-pem_pk8.bc
d2i_PKCS8PrivateKey_fp	FOUND	/home/lxh/Projects/NSPA/workspace/openssl-bc/bc/crypto/pem/libcrypto-lib-pem_pk8.bc
d2i_PUBKEY_ex_bio	FOUND	/home/lxh/Projects/NSPA/workspace/openssl-bc/bc/crypto/x509/libcrypto-lib-x_all.bc
d2i_PUBKEY_ex_fp	FOUND	/home/lxh/Projects/NSPA/workspace/openssl-bc/bc/crypto/x509/libcrypto-lib-x_all.bc
d2i_PUBKEY_int	FOUND	/home/lxh/Projects/NSPA/workspace/openssl-bc/bc/crypto/x509/libcrypto-lib-x_pubkey.bc
d2i_PrivateKey_decoder	FOUND	/home/lxh/Projects/NSPA/workspace/openssl-bc/bc/crypto/asn1/libcrypto-lib-d2i_pr.bc
d2i_PrivateKey_ex_bio	FOUND	/home/lxh/Projects/NSPA/workspace/openssl-bc/bc/crypto/x509/libcrypto-lib-x_all.bc
d2i_PrivateKey_ex_fp	FOUND	/home/lxh/Projects/NSPA/workspace/openssl-bc/bc/crypto/x509/libcrypto-lib-x_all.bc
d2i_PublicKey	FOUND	/home/lxh/Projects/NSPA/workspace/openssl-bc/bc/crypto/asn1/libcrypto-lib-d2i_pu.bc
d2i_RSA_PUBKEY	FOUND	/home/lxh/Projects/NSPA/workspace/openssl-bc/bc/crypto/x509/libcrypto-lib-x_pubkey.bc
d2i_SSL_SESSION_ex	FOUND	/home/lxh/Projects/NSPA/workspace/openssl-bc/bc/ssl/libssl-lib-ssl_asn1.bc
decoder_cache_entry_free	FOUND	/home/lxh/Projects/NSPA/workspace/openssl-bc/bc/crypto/encode_decode/libcrypto-lib-decoder_pkey.bc
delete_ext	FOUND	/home/lxh/Projects/NSPA/workspace/openssl-bc/bc/crypto/x509/libcrypto-lib-v3_conf.bc
depack_do_implicit_stream_create	FOUND	/home/lxh/Projects/NSPA/workspace/openssl-bc/bc/ssl/quic/libssl-lib-quic_rx_depack.bc
destroy_pe	NOT_FOUND	-
destroy_peer	NOT_FOUND	-
destroy_poll_manager	NOT_FOUND	-
destroy_ui_method	FOUND	/home/lxh/Projects/NSPA/workspace/openssl-bc/bc/apps/lib/libapps-lib-apps_ui.bc
dh_create_pkey	NOT_FOUND	-
dh_dup	FOUND	/home/lxh/Projects/NSPA/workspace/openssl-bc/bc/providers/implementations/keymgmt/libdefault-lib-dh_kmgmt.bc
dh_new_intern	FOUND	/home/lxh/Projects/NSPA/workspace/openssl-bc/bc/crypto/dh/libcrypto-lib-dh_lib.bc
do_derive	NOT_FOUND	-
do_free_upto	FOUND	/home/lxh/Projects/NSPA/workspace/openssl-bc/bc/crypto/cms/libcrypto-lib-cms_smime.bc
do_handshake_internal	NOT_FOUND	-
drbg_ctr_free	FOUND	/home/lxh/Projects/NSPA/workspace/openssl-bc/bc/providers/implementations/rands/libdefault-lib-drbg_ctr.bc
drbg_ctr_new_wrapper	FOUND	/home/lxh/Projects/NSPA/workspace/openssl-bc/bc/providers/implementations/rands/libdefault-lib-drbg_ctr.bc
drbg_hash_new_wrapper	FOUND	/home/lxh/Projects/NSPA/workspace/openssl-bc/bc/providers/implementations/rands/libdefault-lib-drbg_hash.bc
drbg_hmac_new_wrapper	FOUND	/home/lxh/Projects/NSPA/workspace/openssl-bc/bc/providers/implementations/rands/libdefault-lib-drbg_hmac.bc
dsa_create_pkey	NOT_FOUND	-
dsa_dup	FOUND	/home/lxh/Projects/NSPA/workspace/openssl-bc/bc/providers/implementations/keymgmt/libdefault-lib-dsa_kmgmt.bc
dsa_new_intern	FOUND	/home/lxh/Projects/NSPA/workspace/openssl-bc/bc/crypto/dsa/libcrypto-lib-dsa_lib.bc
dtls1_clear_sent_buffer	FOUND	/home/lxh/Projects/NSPA/workspace/openssl-bc/bc/ssl/libssl-lib-d1_lib.bc
dtls1_free	FOUND	/home/lxh/Projects/NSPA/workspace/openssl-bc/bc/ssl/libssl-lib-d1_lib.bc
dtls_free	FOUND	/home/lxh/Projects/NSPA/workspace/openssl-bc/bc/ssl/record/methods/libssl-lib-dtls_meth.bc
dtls_new_record_layer	FOUND	/home/lxh/Projects/NSPA/workspace/openssl-bc/bc/ssl/record/methods/libssl-lib-dtls_meth.bc
dup_bio_err	FOUND	/home/lxh/Projects/NSPA/workspace/openssl-bc/bc/apps/lib/libapps-lib-apps.bc
dup_bio_in	FOUND	/home/lxh/Projects/NSPA/workspace/openssl-bc/bc/apps/lib/libapps-lib-apps.bc
dup_bio_out	FOUND	/home/lxh/Projects/NSPA/workspace/openssl-bc/bc/apps/lib/libapps-lib-apps.bc
ec_dup	FOUND	/home/lxh/Projects/NSPA/workspace/openssl-bc/bc/providers/implementations/keymgmt/libdefault-lib-ec_kmgmt.bc
ecdsa_create_pkey	NOT_FOUND	-
ech_decode_one_entry	FOUND	/home/lxh/Projects/NSPA/workspace/openssl-bc/bc/ssl/ech/libssl-lib-ech_store.bc
ech_free_stashed_key_shares	FOUND	/home/lxh/Projects/NSPA/workspace/openssl-bc/bc/ssl/ech/libssl-lib-ech_internal.bc
eddsa_create_pkey	NOT_FOUND	-
err_delete_thread_state	FOUND	/home/lxh/Projects/NSPA/workspace/openssl-bc/bc/crypto/err/libcrypto-lib-err.bc
evp_keymgmt_freedata	FOUND	/home/lxh/Projects/NSPA/workspace/openssl-bc/bc/crypto/evp/libcrypto-lib-keymgmt_meth.bc
evp_keymgmt_util_make_pkey	FOUND	/home/lxh/Projects/NSPA/workspace/openssl-bc/bc/crypto/evp/libcrypto-lib-keymgmt_lib.bc
evp_md_ctx_new_ex	FOUND	/home/lxh/Projects/NSPA/workspace/openssl-bc/bc/crypto/evp/libcrypto-lib-digest.bc
evp_pkey_copy_downgraded	FOUND	/home/lxh/Projects/NSPA/workspace/openssl-bc/bc/crypto/evp/libcrypto-lib-p_lib.bc
evp_pkey_free_it	FOUND	/home/lxh/Projects/NSPA/workspace/openssl-bc/bc/crypto/evp/libcrypto-lib-p_lib.bc
evp_pkey_new_raw_nist_public_key	FOUND	/home/lxh/Projects/NSPA/workspace/openssl-bc/bc/crypto/hpke/libcrypto-lib-hpke.bc
evp_skeymgmt_freedata	FOUND	/home/lxh/Projects/NSPA/workspace/openssl-bc/bc/crypto/evp/libcrypto-lib-skeymgmt_meth.bc
free_asn1_data	FOUND	/home/lxh/Projects/NSPA/workspace/openssl-bc/bc/providers/implementations/encode_decode/libdefault-lib-encode_key2any.bc
free_buf_mem	FOUND	/home/lxh/Projects/NSPA/workspace/openssl-bc/bc/ssl/quic/libssl-lib-quic_channel.bc
free_cb	NOT_FOUND	-
free_dir	FOUND	/home/lxh/Projects/NSPA/workspace/openssl-bc/bc/crypto/x509/libcrypto-lib-by_dir.bc
free_file_ctx	FOUND	/home/lxh/Projects/NSPA/workspace/openssl-bc/bc/providers/implementations/storemgmt/libdefault-lib-file_store.bc
free_frame_data	FOUND	/home/lxh/Projects/NSPA/workspace/openssl-bc/bc/ssl/quic/libssl-lib-quic_channel.bc
free_key_list	NOT_FOUND	-
free_old_rcu_data	NOT_FOUND	-
free_path_response	FOUND	/home/lxh/Projects/NSPA/workspace/openssl-bc/bc/ssl/quic/libssl-lib-quic_rx_depack.bc
free_pstring	FOUND	/home/lxh/Projects/NSPA/workspace/openssl-bc/bc/crypto/http/libcrypto-lib-http_lib.bc
gen_new	FOUND	/home/lxh/Projects/NSPA/workspace/openssl-bc/bc/crypto/cmp/libcrypto-lib-cmp_msg.bc
get_file_data	NOT_FOUND	-
get_str_from_file	FOUND	/home/lxh/Projects/NSPA/workspace/openssl-bc/bc/apps/lib/libapps-lib-apps.bc
glue2bio	NOT_FOUND	-
glue_strings	NOT_FOUND	-
h3_stream_free	NOT_FOUND	-
helper_cleanup	NOT_FOUND	-
helper_destroy	NOT_FOUND	-
hf_new_ssl	NOT_FOUND	-
hf_new_ssl_listener_from	NOT_FOUND	-
hpke_decrypt_encch	FOUND	/home/lxh/Projects/NSPA/workspace/openssl-bc/bc/ssl/ech/libssl-lib-ech_internal.bc
http_new_bio	FOUND	/home/lxh/Projects/NSPA/workspace/openssl-bc/bc/crypto/http/libcrypto-lib-http_client.bc
http_req_ctx_new	FOUND	/home/lxh/Projects/NSPA/workspace/openssl-bc/bc/crypto/http/libcrypto-lib-http_client.bc
int_ctx_new	FOUND	/home/lxh/Projects/NSPA/workspace/openssl-bc/bc/crypto/evp/libcrypto-lib-pmeth_lib.bc
int_dh_free	FOUND	/home/lxh/Projects/NSPA/workspace/openssl-bc/bc/crypto/dh/libcrypto-lib-dh_ameth.bc
int_dsa_free	FOUND	/home/lxh/Projects/NSPA/workspace/openssl-bc/bc/crypto/dsa/libcrypto-lib-dsa_ameth.bc
int_ec_free	FOUND	/home/lxh/Projects/NSPA/workspace/openssl-bc/bc/crypto/ec/libcrypto-lib-ec_ameth.bc
int_rsa_free	FOUND	/home/lxh/Projects/NSPA/workspace/openssl-bc/bc/crypto/rsa/libcrypto-lib-rsa_ameth.bc
keygen_mlkem_real_key	NOT_FOUND	-
ktls_new_record_layer	NOT_FOUND	-
lms_free_key	NOT_FOUND	-
load_certs	FOUND	/home/lxh/Projects/NSPA/workspace/openssl-bc/bc/apps/lib/libapps-lib-apps.bc
load_content_info	FOUND	/home/lxh/Projects/NSPA/workspace/openssl-bc/bc/apps/openssl-bin-cms.bc
load_crls	FOUND	/home/lxh/Projects/NSPA/workspace/openssl-bc/bc/apps/lib/libapps-lib-apps.bc
load_key_certs_crls	FOUND	/home/lxh/Projects/NSPA/workspace/openssl-bc/bc/apps/lib/libapps-lib-apps.bc
long_free	FOUND	/home/lxh/Projects/NSPA/workspace/openssl-bc/bc/crypto/asn1/libcrypto-lib-x_long.bc
make_key	NOT_FOUND	-
make_key_fromdata	NOT_FOUND	-
make_template	NOT_FOUND	-
mem_buf_free	FOUND	/home/lxh/Projects/NSPA/workspace/openssl-bc/bc/crypto/bio/libcrypto-lib-bss_mem.bc
mem_free	FOUND	/home/lxh/Projects/NSPA/workspace/openssl-bc/bc/crypto/bio/libcrypto-lib-bss_mem.bc
ml_dsa_create_keypair	NOT_FOUND	-
ml_dsa_dup_key	FOUND	/home/lxh/Projects/NSPA/workspace/openssl-bc/bc/providers/implementations/keymgmt/libdefault-lib-ml_dsa_kmgmt.bc
ml_dsa_free_key	FOUND	/home/lxh/Projects/NSPA/workspace/openssl-bc/bc/providers/implementations/keymgmt/libdefault-lib-ml_dsa_kmgmt.bc
mlx_kem_dup	FOUND	/home/lxh/Projects/NSPA/workspace/openssl-bc/bc/providers/implementations/keymgmt/libdefault-lib-mlx_kmgmt.bc
mlx_kem_key_free	FOUND	/home/lxh/Projects/NSPA/workspace/openssl-bc/bc/providers/implementations/keymgmt/libdefault-lib-mlx_kmgmt.bc
mlx_kem_key_new	FOUND	/home/lxh/Projects/NSPA/workspace/openssl-bc/bc/providers/implementations/keymgmt/libdefault-lib-mlx_kmgmt.bc
mock_srv_ctx_free	FOUND	/home/lxh/Projects/NSPA/workspace/openssl-bc/bc/apps/lib/openssl-bin-cmp_mock_srv.bc
mock_srv_ctx_new	FOUND	/home/lxh/Projects/NSPA/workspace/openssl-bc/bc/apps/lib/openssl-bin-cmp_mock_srv.bc
module_lists_free	FOUND	/home/lxh/Projects/NSPA/workspace/openssl-bc/bc/crypto/conf/libcrypto-lib-conf_mod.bc
msg_encode	FOUND	/home/lxh/Projects/NSPA/workspace/openssl-bc/bc/crypto/slh_dsa/libcrypto-lib-slh_dsa.bc
my_free	NOT_FOUND	-
my_malloc	NOT_FOUND	-
my_realloc	NOT_FOUND	-
name_funcs_free	FOUND	/home/lxh/Projects/NSPA/workspace/openssl-bc/bc/crypto/objects/libcrypto-lib-o_names.bc
names_lh_free_doall	FOUND	/home/lxh/Projects/NSPA/workspace/openssl-bc/bc/crypto/objects/libcrypto-lib-o_names.bc
ndef_prefix_free	FOUND	/home/lxh/Projects/NSPA/workspace/openssl-bc/bc/crypto/asn1/libcrypto-lib-bio_ndef.bc
ndef_suffix_free	FOUND	/home/lxh/Projects/NSPA/workspace/openssl-bc/bc/crypto/asn1/libcrypto-lib-bio_ndef.bc
net_connect_fail_close_done	NOT_FOUND	-
net_read_alloc	NOT_FOUND	-
net_read_done	NOT_FOUND	-
net_write_done	NOT_FOUND	-
new_cmac_key_int	FOUND	/home/lxh/Projects/NSPA/workspace/openssl-bc/bc/crypto/evp/libcrypto-lib-p_lib.bc
new_conn	NOT_FOUND	-
new_file_ctx	FOUND	/home/lxh/Projects/NSPA/workspace/openssl-bc/bc/providers/implementations/storemgmt/libdefault-lib-file_store.bc
new_free_cb	NOT_FOUND	-
new_pkcs12_builder	NOT_FOUND	-
new_raw_key_int	FOUND	/home/lxh/Projects/NSPA/workspace/openssl-bc/bc/crypto/evp/libcrypto-lib-p_lib.bc
old_free_cb	NOT_FOUND	-
op_cache_free	FOUND	/home/lxh/Projects/NSPA/workspace/openssl-bc/bc/crypto/evp/libcrypto-lib-keymgmt_lib.bc
ossl_X509_PUBKEY_INTERNAL_free	FOUND	/home/lxh/Projects/NSPA/workspace/openssl-bc/bc/crypto/x509/libcrypto-lib-x_pubkey.bc
ossl_asn1_enc_free	FOUND	/home/lxh/Projects/NSPA/workspace/openssl-bc/bc/crypto/asn1/libcrypto-lib-tasn_utl.bc
ossl_asn1_item_embed_free	FOUND	/home/lxh/Projects/NSPA/workspace/openssl-bc/bc/crypto/asn1/libcrypto-lib-tasn_fre.bc
ossl_asn1_item_ex_new_intern	FOUND	/home/lxh/Projects/NSPA/workspace/openssl-bc/bc/crypto/asn1/libcrypto-lib-tasn_new.bc
ossl_asn1_primitive_free	FOUND	/home/lxh/Projects/NSPA/workspace/openssl-bc/bc/crypto/asn1/libcrypto-lib-tasn_fre.bc
ossl_asn1_template_free	FOUND	/home/lxh/Projects/NSPA/workspace/openssl-bc/bc/crypto/asn1/libcrypto-lib-tasn_fre.bc
ossl_b2i_DSA_after_header	FOUND	/home/lxh/Projects/NSPA/workspace/openssl-bc/bc/crypto/pem/libcrypto-lib-pvkfmt.bc
ossl_b2i_RSA_after_header	FOUND	/home/lxh/Projects/NSPA/workspace/openssl-bc/bc/crypto/pem/libcrypto-lib-pvkfmt.bc
ossl_bio_new_from_core_bio	FOUND	/home/lxh/Projects/NSPA/workspace/openssl-bc/bc/providers/common/libdefault-lib-bio_prov.bc
ossl_cmp_certConf_new	FOUND	/home/lxh/Projects/NSPA/workspace/openssl-bc/bc/crypto/cmp/libcrypto-lib-cmp_msg.bc
ossl_cmp_certrep_new	FOUND	/home/lxh/Projects/NSPA/workspace/openssl-bc/bc/crypto/cmp/libcrypto-lib-cmp_msg.bc
ossl_cmp_certreq_new	FOUND	/home/lxh/Projects/NSPA/workspace/openssl-bc/bc/crypto/cmp/libcrypto-lib-cmp_msg.bc
ossl_cmp_error_new	FOUND	/home/lxh/Projects/NSPA/workspace/openssl-bc/bc/crypto/cmp/libcrypto-lib-cmp_msg.bc
ossl_cmp_genm_new	FOUND	/home/lxh/Projects/NSPA/workspace/openssl-bc/bc/crypto/cmp/libcrypto-lib-cmp_msg.bc
ossl_cmp_genp_new	FOUND	/home/lxh/Projects/NSPA/workspace/openssl-bc/bc/crypto/cmp/libcrypto-lib-cmp_msg.bc
ossl_cmp_mock_srv_free	FOUND	/home/lxh/Projects/NSPA/workspace/openssl-bc/bc/apps/lib/openssl-bin-cmp_mock_srv.bc
ossl_cmp_mock_srv_new	FOUND	/home/lxh/Projects/NSPA/workspace/openssl-bc/bc/apps/lib/openssl-bin-cmp_mock_srv.bc
ossl_cmp_msg_create	FOUND	/home/lxh/Projects/NSPA/workspace/openssl-bc/bc/crypto/cmp/libcrypto-lib-cmp_msg.bc
ossl_cmp_pkiconf_new	FOUND	/home/lxh/Projects/NSPA/workspace/openssl-bc/bc/crypto/cmp/libcrypto-lib-cmp_msg.bc
ossl_cmp_pollRep_new	FOUND	/home/lxh/Projects/NSPA/workspace/openssl-bc/bc/crypto/cmp/libcrypto-lib-cmp_msg.bc
ossl_cmp_pollReq_new	FOUND	/home/lxh/Projects/NSPA/workspace/openssl-bc/bc/crypto/cmp/libcrypto-lib-cmp_msg.bc
ossl_cmp_rp_new	FOUND	/home/lxh/Projects/NSPA/workspace/openssl-bc/bc/crypto/cmp/libcrypto-lib-cmp_msg.bc
ossl_cmp_rr_new	FOUND	/home/lxh/Projects/NSPA/workspace/openssl-bc/bc/crypto/cmp/libcrypto-lib-cmp_msg.bc
ossl_cms_CompressedData_create	NOT_FOUND	-
ossl_cms_Data_create	FOUND	/home/lxh/Projects/NSPA/workspace/openssl-bc/bc/crypto/cms/libcrypto-lib-cms_lib.bc
ossl_cms_DigestedData_create	FOUND	/home/lxh/Projects/NSPA/workspace/openssl-bc/bc/crypto/cms/libcrypto-lib-cms_dd.bc
ossl_config_modules_free	FOUND	/home/lxh/Projects/NSPA/workspace/openssl-bc/bc/crypto/conf/libcrypto-lib-conf_mod.bc
ossl_core_bio_free	FOUND	/home/lxh/Projects/NSPA/workspace/openssl-bc/bc/crypto/bio/libcrypto-lib-ossl_core_bio.bc
ossl_core_bio_new_file	FOUND	/home/lxh/Projects/NSPA/workspace/openssl-bc/bc/crypto/bio/libcrypto-lib-ossl_core_bio.bc
ossl_core_bio_new_from_bio	FOUND	/home/lxh/Projects/NSPA/workspace/openssl-bc/bc/crypto/bio/libcrypto-lib-ossl_core_bio.bc
ossl_core_bio_new_mem_buf	FOUND	/home/lxh/Projects/NSPA/workspace/openssl-bc/bc/crypto/bio/libcrypto-lib-ossl_core_bio.bc
ossl_crypto_condvar_free	FOUND	/home/lxh/Projects/NSPA/workspace/openssl-bc/bc/crypto/thread/arch/libcrypto-lib-thread_posix.bc
ossl_crypto_condvar_new	FOUND	/home/lxh/Projects/NSPA/workspace/openssl-bc/bc/crypto/thread/arch/libcrypto-lib-thread_posix.bc
ossl_crypto_mutex_free	FOUND	/home/lxh/Projects/NSPA/workspace/openssl-bc/bc/crypto/thread/arch/libcrypto-lib-thread_posix.bc
ossl_d2i_DH_PUBKEY	FOUND	/home/lxh/Projects/NSPA/workspace/openssl-bc/bc/crypto/x509/libcrypto-lib-x_pubkey.bc
ossl_d2i_DHx_PUBKEY	FOUND	/home/lxh/Projects/NSPA/workspace/openssl-bc/bc/crypto/x509/libcrypto-lib-x_pubkey.bc
ossl_d2i_DSA_PUBKEY	FOUND	/home/lxh/Projects/NSPA/workspace/openssl-bc/bc/crypto/x509/libcrypto-lib-x_pubkey.bc
ossl_d2i_ED25519_PUBKEY	FOUND	/home/lxh/Projects/NSPA/workspace/openssl-bc/bc/crypto/x509/libcrypto-lib-x_pubkey.bc
ossl_d2i_ED448_PUBKEY	FOUND	/home/lxh/Projects/NSPA/workspace/openssl-bc/bc/crypto/x509/libcrypto-lib-x_pubkey.bc
ossl_d2i_PrivateKey_legacy	FOUND	/home/lxh/Projects/NSPA/workspace/openssl-bc/bc/crypto/asn1/libcrypto-lib-d2i_pr.bc
ossl_d2i_X25519_PUBKEY	FOUND	/home/lxh/Projects/NSPA/workspace/openssl-bc/bc/crypto/x509/libcrypto-lib-x_pubkey.bc
ossl_d2i_X448_PUBKEY	FOUND	/home/lxh/Projects/NSPA/workspace/openssl-bc/bc/crypto/x509/libcrypto-lib-x_pubkey.bc
ossl_decoder_ctx_for_pkey_dup	FOUND	/home/lxh/Projects/NSPA/workspace/openssl-bc/bc/crypto/encode_decode/libcrypto-lib-decoder_pkey.bc
ossl_dh_dup	FOUND	/home/lxh/Projects/NSPA/workspace/openssl-bc/bc/crypto/dh/libcrypto-lib-dh_backend.bc
ossl_dh_new_ex	FOUND	/home/lxh/Projects/NSPA/workspace/openssl-bc/bc/crypto/dh/libcrypto-lib-dh_lib.bc
ossl_dsa_dup	FOUND	/home/lxh/Projects/NSPA/workspace/openssl-bc/bc/crypto/dsa/libcrypto-lib-dsa_backend.bc
ossl_dsa_new	FOUND	/home/lxh/Projects/NSPA/workspace/openssl-bc/bc/crypto/dsa/libcrypto-lib-dsa_lib.bc
ossl_ec_key_dup	FOUND	/home/lxh/Projects/NSPA/workspace/openssl-bc/bc/crypto/ec/libcrypto-lib-ec_backend.bc
ossl_ec_key_new_method_int	FOUND	/home/lxh/Projects/NSPA/workspace/openssl-bc/bc/crypto/ec/libcrypto-lib-ec_kmeth.bc
ossl_echstore_entry_dup	FOUND	/home/lxh/Projects/NSPA/workspace/openssl-bc/bc/ssl/ech/libssl-lib-ech_internal.bc
ossl_echstore_entry_free	FOUND	/home/lxh/Projects/NSPA/workspace/openssl-bc/bc/ssl/ech/libssl-lib-ech_store.bc
ossl_ht_free	FOUND	/home/lxh/Projects/NSPA/workspace/openssl-bc/bc/crypto/hashtable/libcrypto-lib-hashtable.bc
ossl_ht_new	FOUND	/home/lxh/Projects/NSPA/workspace/openssl-bc/bc/crypto/hashtable/libcrypto-lib-hashtable.bc
ossl_lms_key_free	NOT_FOUND	-
ossl_lms_sig_free	NOT_FOUND	-
ossl_malloc_align	FOUND	/home/lxh/Projects/NSPA/workspace/openssl-bc/bc/crypto/libcrypto-lib-aligned_alloc.bc
ossl_ml_dsa_key_dup	FOUND	/home/lxh/Projects/NSPA/workspace/openssl-bc/bc/crypto/ml_dsa/libcrypto-lib-ml_dsa_key.bc
ossl_ml_dsa_key_free	FOUND	/home/lxh/Projects/NSPA/workspace/openssl-bc/bc/crypto/ml_dsa/libcrypto-lib-ml_dsa_key.bc
ossl_ml_dsa_key_new	FOUND	/home/lxh/Projects/NSPA/workspace/openssl-bc/bc/crypto/ml_dsa/libcrypto-lib-ml_dsa_key.bc
ossl_namemap_free	FOUND	/home/lxh/Projects/NSPA/workspace/openssl-bc/bc/crypto/libcrypto-lib-core_namemap.bc
ossl_namemap_new	FOUND	/home/lxh/Projects/NSPA/workspace/openssl-bc/bc/crypto/libcrypto-lib-core_namemap.bc
ossl_param_dup	FOUND	/home/lxh/Projects/NSPA/workspace/openssl-bc/bc/crypto/libcrypto-lib-params_dup.bc
ossl_property_string_data_free	FOUND	/home/lxh/Projects/NSPA/workspace/openssl-bc/bc/crypto/property/libcrypto-lib-property_string.bc
ossl_property_string_data_new	FOUND	/home/lxh/Projects/NSPA/workspace/openssl-bc/bc/crypto/property/libcrypto-lib-property_string.bc
ossl_prov_free_key	FOUND	/home/lxh/Projects/NSPA/workspace/openssl-bc/bc/providers/implementations/encode_decode/libdefault-lib-endecoder_common.bc
ossl_prov_ml_dsa_new	FOUND	/home/lxh/Projects/NSPA/workspace/openssl-bc/bc/providers/implementations/keymgmt/libdefault-lib-ml_dsa_kmgmt.bc
ossl_qlog_free	FOUND	/home/lxh/Projects/NSPA/workspace/openssl-bc/bc/ssl/quic/libssl-lib-qlog.bc
ossl_qlog_new_from_env	FOUND	/home/lxh/Projects/NSPA/workspace/openssl-bc/bc/ssl/quic/libssl-lib-qlog.bc
ossl_qtx_free	FOUND	/home/lxh/Projects/NSPA/workspace/openssl-bc/bc/ssl/quic/libssl-lib-quic_record_tx.bc
ossl_quic_cfq_release	FOUND	/home/lxh/Projects/NSPA/workspace/openssl-bc/bc/ssl/quic/libssl-lib-quic_cfq.bc
ossl_quic_channel_free	FOUND	/home/lxh/Projects/NSPA/workspace/openssl-bc/bc/ssl/quic/libssl-lib-quic_channel.bc
ossl_quic_demux_release_urxe	FOUND	/home/lxh/Projects/NSPA/workspace/openssl-bc/bc/ssl/quic/libssl-lib-quic_demux.bc
ossl_quic_free	FOUND	/home/lxh/Projects/NSPA/workspace/openssl-bc/bc/ssl/quic/libssl-lib-quic_impl.bc
ossl_quic_free_token_store	FOUND	/home/lxh/Projects/NSPA/workspace/openssl-bc/bc/ssl/quic/libssl-lib-quic_impl.bc
ossl_quic_new	FOUND	/home/lxh/Projects/NSPA/workspace/openssl-bc/bc/ssl/quic/libssl-lib-quic_impl.bc
ossl_quic_new_domain	FOUND	/home/lxh/Projects/NSPA/workspace/openssl-bc/bc/ssl/quic/libssl-lib-quic_impl.bc
ossl_quic_new_from_listener	FOUND	/home/lxh/Projects/NSPA/workspace/openssl-bc/bc/ssl/quic/libssl-lib-quic_impl.bc
ossl_quic_new_listener	FOUND	/home/lxh/Projects/NSPA/workspace/openssl-bc/bc/ssl/quic/libssl-lib-quic_impl.bc
ossl_quic_new_listener_from	FOUND	/home/lxh/Projects/NSPA/workspace/openssl-bc/bc/ssl/quic/libssl-lib-quic_impl.bc
ossl_quic_new_token_store	FOUND	/home/lxh/Projects/NSPA/workspace/openssl-bc/bc/ssl/quic/libssl-lib-quic_impl.bc
ossl_quic_tls_free	FOUND	/home/lxh/Projects/NSPA/workspace/openssl-bc/bc/ssl/quic/libssl-lib-quic_tls.bc
ossl_quic_tserver_free	FOUND	/home/lxh/Projects/NSPA/workspace/openssl-bc/bc/ssl/quic/libssl-lib-quic_tserver.bc
ossl_quic_tserver_new	FOUND	/home/lxh/Projects/NSPA/workspace/openssl-bc/bc/ssl/quic/libssl-lib-quic_tserver.bc
ossl_quic_txpim_pkt_alloc	FOUND	/home/lxh/Projects/NSPA/workspace/openssl-bc/bc/ssl/quic/libssl-lib-quic_txpim.bc
ossl_rand_ctx_new	FOUND	/home/lxh/Projects/NSPA/workspace/openssl-bc/bc/crypto/rand/libcrypto-lib-rand_lib.bc
ossl_rand_pool_free	FOUND	/home/lxh/Projects/NSPA/workspace/openssl-bc/bc/crypto/rand/libcrypto-lib-rand_pool.bc
ossl_rand_pool_new	FOUND	/home/lxh/Projects/NSPA/workspace/openssl-bc/bc/crypto/rand/libcrypto-lib-rand_pool.bc
ossl_rcu_lock_free	FOUND	/home/lxh/Projects/NSPA/workspace/openssl-bc/bc/crypto/libcrypto-lib-threads_pthread.bc
ossl_rcu_lock_new	FOUND	/home/lxh/Projects/NSPA/workspace/openssl-bc/bc/crypto/libcrypto-lib-threads_pthread.bc
ossl_rsa_acvp_test_gen_params_free	NOT_FOUND	-
ossl_rsa_acvp_test_gen_params_new	NOT_FOUND	-
ossl_rsa_dup	FOUND	/home/lxh/Projects/NSPA/workspace/openssl-bc/bc/crypto/rsa/libcrypto-lib-rsa_backend.bc
ossl_rsa_new_with_ctx	FOUND	/home/lxh/Projects/NSPA/workspace/openssl-bc/bc/crypto/rsa/libcrypto-lib-rsa_lib.bc
ossl_rsa_pss_params_create	FOUND	/home/lxh/Projects/NSPA/workspace/openssl-bc/bc/crypto/rsa/libcrypto-lib-rsa_ameth.bc
ossl_slh_dsa_hash_ctx_dup	FOUND	/home/lxh/Projects/NSPA/workspace/openssl-bc/bc/crypto/slh_dsa/libcrypto-lib-slh_dsa_hash_ctx.bc
ossl_slh_dsa_hash_ctx_free	FOUND	/home/lxh/Projects/NSPA/workspace/openssl-bc/bc/crypto/slh_dsa/libcrypto-lib-slh_dsa_hash_ctx.bc
ossl_slh_dsa_hash_ctx_new	FOUND	/home/lxh/Projects/NSPA/workspace/openssl-bc/bc/crypto/slh_dsa/libcrypto-lib-slh_dsa_hash_ctx.bc
ossl_slh_dsa_key_dup	FOUND	/home/lxh/Projects/NSPA/workspace/openssl-bc/bc/crypto/slh_dsa/libcrypto-lib-slh_dsa_key.bc
ossl_slh_dsa_key_free	FOUND	/home/lxh/Projects/NSPA/workspace/openssl-bc/bc/crypto/slh_dsa/libcrypto-lib-slh_dsa_key.bc
ossl_slh_dsa_key_new	FOUND	/home/lxh/Projects/NSPA/workspace/openssl-bc/bc/crypto/slh_dsa/libcrypto-lib-slh_dsa_key.bc
ossl_ssl_connection_free	FOUND	/home/lxh/Projects/NSPA/workspace/openssl-bc/bc/ssl/libssl-lib-ssl_lib.bc
ossl_ssl_connection_new	FOUND	/home/lxh/Projects/NSPA/workspace/openssl-bc/bc/ssl/libssl-lib-ssl_lib.bc
ossl_ssl_connection_new_int	FOUND	/home/lxh/Projects/NSPA/workspace/openssl-bc/bc/ssl/libssl-lib-ssl_lib.bc
ossl_stored_namemap_free	FOUND	/home/lxh/Projects/NSPA/workspace/openssl-bc/bc/crypto/libcrypto-lib-core_namemap.bc
ossl_stored_namemap_new	FOUND	/home/lxh/Projects/NSPA/workspace/openssl-bc/bc/crypto/libcrypto-lib-core_namemap.bc
ossl_threads_ctx_free	FOUND	/home/lxh/Projects/NSPA/workspace/openssl-bc/bc/crypto/thread/libcrypto-lib-internal.bc
ossl_threads_ctx_new	FOUND	/home/lxh/Projects/NSPA/workspace/openssl-bc/bc/crypto/thread/libcrypto-lib-internal.bc
ossl_x509_algor_md_to_mgf1	FOUND	/home/lxh/Projects/NSPA/workspace/openssl-bc/bc/crypto/asn1/libcrypto-lib-x_algor.bc
ossl_x509_algor_new_from_md	FOUND	/home/lxh/Projects/NSPA/workspace/openssl-bc/bc/crypto/asn1/libcrypto-lib-x_algor.bc
ossl_x509at_add1_attr_by_NID	FOUND	/home/lxh/Projects/NSPA/workspace/openssl-bc/bc/crypto/x509/libcrypto-lib-x509_att.bc
ossl_x509at_add1_attr_by_OBJ	FOUND	/home/lxh/Projects/NSPA/workspace/openssl-bc/bc/crypto/x509/libcrypto-lib-x509_att.bc
ossl_x509at_add1_attr_by_txt	FOUND	/home/lxh/Projects/NSPA/workspace/openssl-bc/bc/crypto/x509/libcrypto-lib-x509_att.bc
p_teardown	NOT_FOUND	-
peer_free_data	NOT_FOUND	-
pem_free	FOUND	/home/lxh/Projects/NSPA/workspace/openssl-bc/bc/crypto/pem/libcrypto-lib-pem_lib.bc
pem_malloc	FOUND	/home/lxh/Projects/NSPA/workspace/openssl-bc/bc/crypto/pem/libcrypto-lib-pem_lib.bc
pem_read_bio_key	FOUND	/home/lxh/Projects/NSPA/workspace/openssl-bc/bc/crypto/pem/libcrypto-lib-pem_pkey.bc
pem_read_bio_key_decoder	FOUND	/home/lxh/Projects/NSPA/workspace/openssl-bc/bc/crypto/pem/libcrypto-lib-pem_pkey.bc
pem_read_bio_key_legacy	FOUND	/home/lxh/Projects/NSPA/workspace/openssl-bc/bc/crypto/pem/libcrypto-lib-pem_pkey.bc
pkcs12_create_ex2_setup	NOT_FOUND	-
port_make_channel	FOUND	/home/lxh/Projects/NSPA/workspace/openssl-bc/bc/ssl/quic/libssl-lib-quic_port.bc
port_new_handshake_layer	FOUND	/home/lxh/Projects/NSPA/workspace/openssl-bc/bc/ssl/quic/libssl-lib-quic_port.bc
post_read	NOT_FOUND	-
process_additional_mac_key_arguments	FOUND	/home/lxh/Projects/NSPA/workspace/openssl-bc/bc/apps/lib/libapps-lib-apps.bc
process_cert_request	FOUND	/home/lxh/Projects/NSPA/workspace/openssl-bc/bc/apps/lib/openssl-bin-cmp_mock_srv.bc
process_cert_request	FOUND	/home/lxh/Projects/NSPA/workspace/openssl-bc/bc/crypto/cmp/libcrypto-lib-cmp_server.bc
process_include	FOUND	/home/lxh/Projects/NSPA/workspace/openssl-bc/bc/crypto/conf/libcrypto-lib-conf_def.bc
property_table_free	FOUND	/home/lxh/Projects/NSPA/workspace/openssl-bc/bc/crypto/property/libcrypto-lib-property_string.bc
ql_create	NOT_FOUND	-
qrx_alloc_rxe	FOUND	/home/lxh/Projects/NSPA/workspace/openssl-bc/bc/ssl/quic/libssl-lib-quic_record_rx.bc
qrx_ensure_free_rxe	FOUND	/home/lxh/Projects/NSPA/workspace/openssl-bc/bc/ssl/quic/libssl-lib-quic_record_rx.bc
qtest_create_quic_objects	NOT_FOUND	-
qtest_fault_free	NOT_FOUND	-
qtx_alloc_txe	FOUND	/home/lxh/Projects/NSPA/workspace/openssl-bc/bc/ssl/quic/libssl-lib-quic_record_tx.bc
qtx_pending_to_free	FOUND	/home/lxh/Projects/NSPA/workspace/openssl-bc/bc/ssl/quic/libssl-lib-quic_record_tx.bc
quic_free	FOUND	/home/lxh/Projects/NSPA/workspace/openssl-bc/bc/ssl/quic/libssl-lib-quic_tls.bc
quic_free_domain	FOUND	/home/lxh/Projects/NSPA/workspace/openssl-bc/bc/ssl/quic/libssl-lib-quic_impl.bc
quic_free_listener	FOUND	/home/lxh/Projects/NSPA/workspace/openssl-bc/bc/ssl/quic/libssl-lib-quic_impl.bc
quic_new_record_layer	FOUND	/home/lxh/Projects/NSPA/workspace/openssl-bc/bc/ssl/quic/libssl-lib-quic_tls.bc
r_init	NOT_FOUND	-
r_teardown	NOT_FOUND	-
reuse_h3ssl	NOT_FOUND	-
rsa_create_pkey	NOT_FOUND	-
rsa_dup	FOUND	/home/lxh/Projects/NSPA/workspace/openssl-bc/bc/providers/implementations/keymgmt/libdefault-lib-rsa_kmgmt.bc
rsa_new_intern	FOUND	/home/lxh/Projects/NSPA/workspace/openssl-bc/bc/crypto/rsa/libcrypto-lib-rsa_lib.bc
sa_free_node	FOUND	/home/lxh/Projects/NSPA/workspace/openssl-bc/bc/crypto/libcrypto-lib-sparse_array.bc
save_free_certs	FOUND	/home/lxh/Projects/NSPA/workspace/openssl-bc/bc/apps/openssl-bin-cmp.bc
sec_alloc_realloc	FOUND	/home/lxh/Projects/NSPA/workspace/openssl-bc/bc/crypto/buffer/libcrypto-lib-buffer.bc
setupearly_data_test	NOT_FOUND	-
sh_free	FOUND	/home/lxh/Projects/NSPA/workspace/openssl-bc/bc/crypto/libcrypto-lib-mem_sec.bc
slh_dsa_clean_keys	NOT_FOUND	-
slh_dsa_create_keypair	NOT_FOUND	-
slh_dsa_d2i_PKCS8	FOUND	/home/lxh/Projects/NSPA/workspace/openssl-bc/bc/providers/implementations/encode_decode/libdefault-lib-decode_der2key.bc
slh_dsa_d2i_PUBKEY	FOUND	/home/lxh/Projects/NSPA/workspace/openssl-bc/bc/providers/implementations/encode_decode/libdefault-lib-decode_der2key.bc
slh_dsa_dup_key	FOUND	/home/lxh/Projects/NSPA/workspace/openssl-bc/bc/providers/implementations/keymgmt/libdefault-lib-slh_dsa_kmgmt.bc
slh_dsa_free_key	FOUND	/home/lxh/Projects/NSPA/workspace/openssl-bc/bc/providers/implementations/keymgmt/libdefault-lib-slh_dsa_kmgmt.bc
slh_dsa_new_key	FOUND	/home/lxh/Projects/NSPA/workspace/openssl-bc/bc/providers/implementations/keymgmt/libdefault-lib-slh_dsa_kmgmt.bc
srp_create_user	FOUND	/home/lxh/Projects/NSPA/workspace/openssl-bc/bc/apps/openssl-bin-srp.bc
ssl3_free	FOUND	/home/lxh/Projects/NSPA/workspace/openssl-bc/bc/ssl/libssl-lib-s3_lib.bc
ssl3_free_digest_list	FOUND	/home/lxh/Projects/NSPA/workspace/openssl-bc/bc/ssl/libssl-lib-s3_enc.bc
ssl_cert_clear_certs	FOUND	/home/lxh/Projects/NSPA/workspace/openssl-bc/bc/ssl/libssl-lib-ssl_cert.bc
ssl_cert_dup	FOUND	/home/lxh/Projects/NSPA/workspace/openssl-bc/bc/ssl/libssl-lib-ssl_cert.bc
ssl_cert_free	FOUND	/home/lxh/Projects/NSPA/workspace/openssl-bc/bc/ssl/libssl-lib-ssl_cert.bc
ssl_create_cipher_list	FOUND	/home/lxh/Projects/NSPA/workspace/openssl-bc/bc/ssl/libssl-lib-ssl_ciph.bc
ssl_excert_free	FOUND	/home/lxh/Projects/NSPA/workspace/openssl-bc/bc/apps/lib/libapps-lib-s_cb.bc
ssl_free	FOUND	/home/lxh/Projects/NSPA/workspace/openssl-bc/bc/ssl/libssl-lib-bio_ssl.bc
ssl_free_wbio_buffer	FOUND	/home/lxh/Projects/NSPA/workspace/openssl-bc/bc/ssl/libssl-lib-ssl_lib.bc
ssl_release_record	FOUND	/home/lxh/Projects/NSPA/workspace/openssl-bc/bc/ssl/record/libssl-lib-rec_layer_s3.bc
ssl_session_dup	FOUND	/home/lxh/Projects/NSPA/workspace/openssl-bc/bc/ssl/libssl-lib-ssl_sess.bc
ssl_session_dup_intern	FOUND	/home/lxh/Projects/NSPA/workspace/openssl-bc/bc/ssl/libssl-lib-ssl_sess.bc
ssl_set_new_record_layer	FOUND	/home/lxh/Projects/NSPA/workspace/openssl-bc/bc/ssl/record/libssl-lib-rec_layer_s3.bc
str_copy	FOUND	/home/lxh/Projects/NSPA/workspace/openssl-bc/bc/crypto/conf/libcrypto-lib-conf_def.bc
teardown	NOT_FOUND	-
teardown_continued	NOT_FOUND	-
teardown_ctx	NOT_FOUND	-
thread_release_shared_pkey	NOT_FOUND	-
tls1_free	FOUND	/home/lxh/Projects/NSPA/workspace/openssl-bc/bc/ssl/libssl-lib-t1_lib.bc
tls_free	FOUND	/home/lxh/Projects/NSPA/workspace/openssl-bc/bc/ssl/record/methods/libssl-lib-tls_common.bc
tls_int_free	FOUND	/home/lxh/Projects/NSPA/workspace/openssl-bc/bc/ssl/record/methods/libssl-lib-tls_common.bc
tls_int_new_record_layer	FOUND	/home/lxh/Projects/NSPA/workspace/openssl-bc/bc/ssl/record/methods/libssl-lib-tls_common.bc
tls_new_record_layer	FOUND	/home/lxh/Projects/NSPA/workspace/openssl-bc/bc/ssl/record/methods/libssl-lib-tls_common.bc
tlsa_free	FOUND	/home/lxh/Projects/NSPA/workspace/openssl-bc/bc/ssl/libssl-lib-ssl_lib.bc
tracedata_free	NOT_FOUND	-
tst_bio_core_free	NOT_FOUND	-
txpim_get_free	FOUND	/home/lxh/Projects/NSPA/workspace/openssl-bc/bc/ssl/quic/libssl-lib-quic_txpim.bc
ui_free_method_data	FOUND	/home/lxh/Projects/NSPA/workspace/openssl-bc/bc/crypto/ui/libcrypto-lib-ui_util.bc
uint32_free	FOUND	/home/lxh/Projects/NSPA/workspace/openssl-bc/bc/crypto/asn1/libcrypto-lib-x_int64.bc
uint64_free	FOUND	/home/lxh/Projects/NSPA/workspace/openssl-bc/bc/crypto/asn1/libcrypto-lib-x_int64.bc
unescape	NOT_FOUND	-
win32_utf8argv	NOT_FOUND	-
x509_name_ex_free	FOUND	/home/lxh/Projects/NSPA/workspace/openssl-bc/bc/crypto/x509/libcrypto-lib-x_name.bc
x509_object_dup	FOUND	/home/lxh/Projects/NSPA/workspace/openssl-bc/bc/crypto/x509/libcrypto-lib-x509_lu.bc
x509_pubkey_ex_free	FOUND	/home/lxh/Projects/NSPA/workspace/openssl-bc/bc/crypto/x509/libcrypto-lib-x_pubkey.bc
x509_pubkey_ex_new_ex	FOUND	/home/lxh/Projects/NSPA/workspace/openssl-bc/bc/crypto/x509/libcrypto-lib-x_pubkey.bc
xor_prov_free_key	NOT_FOUND	-
zstd_alloc	NOT_FOUND	-
